juego,variante,tienda,linkCompra,compraArs,ventaTransferArs,gananciaArs
"A way out","","driffle","https://driffle.com/es/a-way-out-global-pc-steam-account-p9941450","7122","30714","23592"
"ARC Raiders","","driffle","https://driffle.com/es/arc-raiders-deluxe-edition-global-pc-steam-digital-key-p9969559","57219","79354","22135"
"ARC Raiders","","eneba","https://www.eneba.com/latam/steam-arc-raiders-steam-key-pc-global","39406","56069","16663"
"ARK: Survival Ascended","","driffle","https://driffle.com/es/ark-survival-ascended-pc-steam-digital-code-p9888561","85773","101106","15333"
"ARK: Survival Ascended","","kinguin","https://www.kinguin.net/es/category/193815/ark-survival-ascended-steam-account","12581","39581","27000"
"Assassin's Creed Shadows","","kinguin","https://www.kinguin.net/es/category/305807/assassins-creed-shadows-deluxe-edition-pc-steam-account","45559","72559","27000"
"Assassin's Creed Shadows","","driffle","https://driffle.com/es/assassins-creed-shadows-global-pc-steam-account-p9979431","32833","59833","27000"
"Baldur's Gate 3","","driffle","https://driffle.com/es/baldurs-gate-3-global-pc-mac-steam-account-p9945610","21237","40006","18769"
"Battlefield 6","","driffle","https://driffle.com/es/battlefield-6-global-pc-ea-play-digital-key-p9951111","73256","94182","20926"
"Battlefield 6","","driffle","https://driffle.com/es/battlefield-6-global-pc-steam-account-p9952012","29441","56441","27000"
"Battlefield 6","","driffle","https://driffle.com/es/battlefield-6-phantom-edition-global-pc-ea-play-digital-key-p9967536","111047","136913","25866"
"Battlefield 6","","kinguin","https://www.kinguin.net/es/category/371752/battlefield-6-phantom-edition-pc-steam-account","69558","96558","27000"
"Black Myth: Wukong","","driffle","https://driffle.com/es/black-myth-wukong-latam-pc-steam-digital-key-p9916395","52762","80578","27816"
"Black Myth: Wukong","","driffle","https://driffle.com/black-myth-wukong-global-pc-steam-account-p9952239","36047","63047","27000"
"Borderlands 4","","kinguin","https://www.kinguin.net/es/category/352522/borderlands-4-deluxe-edition-pc-steam-account","63631","90631","27000"
"Borderlands 4","","eneba","https://www.eneba.com/latam/steam-borderlands-4-deluxe-edition-steam-key-pc-global","83269","110269","27000"
"Borderlands 4","","driffle","https://driffle.com/es/borderlands-4-global-pc-steam-digital-key-p9926887","56525","84705","28180"
"Borderlands 4","","kinguin","https://www.kinguin.net/es/category/352519/borderlands-4-pc-steam-account","32510","59510","27000"
"Borderlands 4","","eneba","https://www.eneba.com/latam/steam-borderlands-4-super-deluxe-edition-steam-key-pc-global","104539","131539","27000"
"Call of Duty: Black Ops 7","","kinguin","https://www.kinguin.net/es/category/378747/call-of-duty-black-ops-7-pc-steam-account","34335","61335","27000"
"Call of Duty: Black Ops 7","","kinguin","https://www.kinguin.net/es/category/379298/call-of-duty-black-ops-7-vault-edition-pc-steam-account","73192","88192","15000"
"Call of Duty: Black Ops III","","kinguin","https://www.kinguin.net/es/category/150106/call-of-duty-black-ops-iii-zombies-chronicles-edition-steam-account","18427","45427","27000"
"Clair Obscur: Expedition 33","","loaded","https://www.loaded.com/es_es/clair-obscur-expedition-33-deluxe-edition-pc-steam","53602","68602","15000"
"Clair Obscur: Expedition 33","","loaded","https://www.loaded.com/es_es/clair-obscur-expedition-33-pc-steam","35352","59305","23953"
"Crimson Desert","","driffle","https://driffle.com/es/crimson-desert-deluxe-edition-global-pc-steam-account-p9963797","65424","90489","25065"
"Crimson Desert","","eneba","https://www.eneba.com/latam/steam-crimson-desert-deluxe-edition-steam-key-pc-latam","50162","77162","27000"
"Crimson Desert","","eneba","https://www.eneba.com/latam/steam-crimson-desert-steam-key-pc-latam","47223","82130","34907"
"Crimson Desert","","driffle","https://driffle.com/es/crimson-desert-global-pc-steam-account-p9963796","44332","71332","27000"
"Cuphead","","driffle","https://driffle.com/es/cuphead-the-delicious-last-course-bundle-global-pc-mac-steam-digital-key-p9925316","23304","48372","25068"
"Cuphead","","driffle","https://driffle.com/es/cuphead-p9879470","15779","38872","23093"
"Cuphead","","driffle","https://driffle.com/es/cuphead-global-pc-mac-steam-account-p9943424","6412","23139","16727"
"Cyberpunk 2077","","driffle","https://driffle.com/es/cyberpunk-2077-global-pc-steam-account-p9943437","14034","41034","27000"
"Cyberpunk 2077","","driffle","https://driffle.com/es/cyberpunk-2077-ultimate-edition-global-pc-steam-account-p9941467","36531","63531","27000"
"DayZ","","eneba","https://www.eneba.com/latam/steam-dayz-cool-edition-steam-key-pc-global","109626","125623","15997"
"DayZ","","kinguin","https://www.kinguin.net/es/category/344471/dayz-cool-edition-pc-steam-account","52261","77933","25672"
"DayZ","","eneba","https://www.eneba.com/latam/steam-dayz-deluxe-edition-steam-key-pc-latam","47626","74900","27274"
"DayZ","","kinguin","https://www.kinguin.net/es/category/249044/dayz-deluxe-edition-pc-steam-account","27520","54520","27000"
"DayZ","","eneba","https://www.eneba.com/latam/steam-dayz-pc-steam-key-latam","25646","59932","34286"
"DayZ","","driffle","https://driffle.com/es/dayz-global-pc-steam-account-p9941452","20511","47511","27000"
"Death Stranding 2: On the Beach","","kinguin","https://www.kinguin.net/es/category/452496/death-stranding-2-on-the-beach-latam-pc-steam-cd-key","104168","131048","26880"
"Death Stranding 2: On the Beach","","driffle","https://driffle.com/es/death-stranding-2-on-the-beach-global-pc-steam-account-p9986853","62597","82068","19471"
"Detroit: Become Human","","eneba","https://www.eneba.com/latam/steam-detroit-become-human-steam-key-latam","8075","38666","30591"
"Detroit: Become Human","","driffle","https://driffle.com/es/detroit-become-human-global-pc-steam-account-p9943441","3666","30666","27000"
"Diablo IV","","kinguin","https://www.kinguin.net/es/category/191664/diablo-iv-steam-account","22626","49626","27000"
"Dispatch","","driffle","https://driffle.com/es/dispatch-global-pc-steam-account-p9969733","7009","22009","15000"
"DRAGON BALL: Sparking! ZERO","","eneba","https://www.eneba.com/latam/steam-dragon-ball-sparking-zero-pc-steam-key-latam","48337","63358","15021"
"DRAGON BALL: Sparking! ZERO","","driffle","https://driffle.com/es/dragon-ball-sparking-zero-global-pc-steam-account-p9971483","31541","47772","16231"
"Dying Light: The Beast","","driffle","https://driffle.com/es/dying-light-the-beast-deluxe-edition-global-pc-steam-digital-key-p9958591","43379","68267","24888"
"Dying Light: The Beast","","driffle","https://driffle.com/es/dying-light-the-beast-deluxe-edition-global-pc-steam-account-p9962273","38340","59241","20901"
"Dying Light: The Beast","","driffle","https://driffle.com/es/dying-light-the-beast-global-pc-steam-digital-key-p9938120","37290","61986","24696"
"Dying Light: The Beast","","driffle","https://driffle.com/es/dying-light-the-beast-global-pc-steam-account-p9961930","32445","51780","19335"
"Dynasty Warriors: Origins","","loaded","https://www.loaded.com/es_es/dynasty-warriors-origins-pc-steam","62000","81728","19728"
"EA SPORTS FC 26","","kinguin","https://www.kinguin.net/es/category/365634/ea-sports-fc-26-pc-steam-account","5798","32798","27000"
"EA SPORTS FC 26","","driffle","https://driffle.com/es/ea-sports-fc-26-the-worlds-game-edition-global-pc-steam-account-p9996215","14939","41939","27000"
"EA SPORTS FC™ 27","","driffle","https://driffle.com/es/ea-sports-fc-27-global-pc-steam-account-p9998646","52423","77998","25575"
"EA SPORTS FC™ 27","","kinguin","https://www.kinguin.net/es/category/609624/ea-sports-fc-27-ultimate-edition-pc-steam-account","96852","117642","20790"
"EA SPORTS™ College Football 27","","kinguin","https://www.kinguin.net/es/category/563378/ea-sports-college-football-27-deluxe-edition-pc-steam-account","74532","101532","27000"
"ELDEN RING","","eneba","https://www.eneba.com/latam/steam-elden-ring-pc-steam-key-latam","87016","102016","15000"
"ELDEN RING","","driffle","https://driffle.com/es/elden-ring-global-pc-steam-account-p9943442","49419","64419","15000"
"F1 25","","kinguin","https://www.kinguin.net/es/category/549472/f1-25-2026-season-edition-pc-steam-cd-key","48418","67422","19004"
"F1 25","","driffle","https://driffle.com/es/f1-25-2026-season-edition-global-pc-steam-account-p9996177","35724","56737","21013"
"Fallout 76","","eneba","https://www.eneba.com/latam/steam-fallout-76-steam-key-pc-latam","12791","33170","20379"
"Fallout 76","","kinguin","https://www.kinguin.net/es/category/138395/fallout-76-steam-account","4199","25170","20971"
"FINAL FANTASY VII REMAKE INTERGRADE","","driffle","https://driffle.com/es/final-fantasy-vii-remake-intergrade-pc-steam-digital-code-p9907421","21932","41685","19753"
"Forza Horizon 5","","driffle","https://driffle.com/es/forza-horizon-5-deluxe-edition-global-pc-steam-account-p9962282","26357","46318","19961"
"Forza Horizon 5","","kinguin","https://www.kinguin.net/es/category/151135/forza-horizon-5-steam-account","17119","36747","19628"
"Forza Horizon 5","","driffle","https://driffle.com/es/forza-horizon-5-premium-edition-global-pc-steam-account-p9945649","26551","53551","27000"
"Forza Horizon 6","","driffle","https://driffle.com/es/forza-horizon-6-premium-edition-global-pc-steam-account-p9980955","86435","101810","15375"
"Ghost of Tsushima","","driffle","https://driffle.com/es/ghost-of-tsushima-directors-cut-latam-pc-steam-digital-key-p9944724","38195","63333","25138"
"God of War","","eneba","https://www.eneba.com/latam/steam-god-of-war-pc-steam-key-latam","22594","57594","35000"
"God of War","","driffle","https://driffle.com/es/god-of-war-global-pc-steam-account-p9971517","29409","54211","24802"
"God Of War Ragnarök","","eneba","https://www.eneba.com/latam/steam-god-of-war-ragnarok-pc-steam-key-latam","47206","70091","22885"
"God Of War Ragnarök","","driffle","https://driffle.com/es/god-of-war-ragnarok-global-pc-steam-account-p9962284","73030","88030","15000"
"Gothic 1 Remake","","kinguin","https://www.kinguin.net/es/category/541778/gothic-1-remake-latam-pc-steam-cd-key","41942","69780","27838"
"Grand Theft Auto V","","kinguin","https://www.kinguin.net/es/category/320974/grand-theft-auto-v-enhanced-pc-steam-account","16069","34293","18224"
"HELLDIVERS 2","","loaded","https://www.loaded.com/es_es/helldivers-2-pc-steam","55863","74784","18921"
"HELLDIVERS 2","","kinguin","https://www.kinguin.net/es/category/322569/helldivers-2-super-citizen-edition-latam-pc-steam-cd-key","5152","40152","35000"
"HITMAN World of Assassination","","kinguin","https://www.kinguin.net/es/category/418805/hitman-world-of-assassination-deluxe-edition-pc-steam-cd-key","110321","125321","15000"
"HITMAN World of Assassination","","driffle","https://driffle.com/es/hitman-world-of-assassination-global-pc-steam-account-p9945630","11709","26709","15000"
"Hogwarts Legacy","","eneba","https://www.eneba.com/latam/steam-hogwarts-legacy-deluxe-edition-pc-steam-key-latam","9981","42429","32448"
"Hogwarts Legacy","","kinguin","https://www.kinguin.net/es/category/148234/hogwarts-legacy-deluxe-edition-steam-account","7429","34429","27000"
"Hogwarts Legacy","","eneba","https://www.eneba.com/latam/steam-hogwarts-legacy-pc-steam-key-latam","7251","37146","29895"
"Hogwarts Legacy","","driffle","https://driffle.com/es/hogwarts-legacy-global-pc-steam-account-p9971523","3182","29146","25964"
"Invincible VS","","driffle","https://driffle.com/es/invincible-vs-deluxe-edition-global-pc-steam-account-p9994203","46593","65831","19238"
"Invincible VS","","eneba","https://www.eneba.com/latam/steam-invincible-vs-steam-key-pc-global","72465","88286","15821"
"Invincible VS","","kinguin","https://www.kinguin.net/es/category/440606/invincible-vs-pc-steam-account","21205","41823","20618"
"It takes two","","eneba","https://www.eneba.com/latam/steam-it-takes-two-steam-key-global","67136","85885","18749"
"It takes two","","kinguin","https://www.kinguin.net/es/category/152047/it-takes-two-steam-account","9496","36496","27000"
"LEGO Batman: Legacy of the Dark Knight","","loaded","https://www.loaded.com/es_es/lego-batman-legacy-of-the-dark-knight-deluxe-edition-pc-latam-steam","79442","111195","31753"
"LEGO Batman: Legacy of the Dark Knight","","kinguin","https://www.kinguin.net/es/category/439223/lego-batman-legacy-of-the-dark-knight-deluxe-edition-pc-steam-account","80895","96677","15782"
"LEGO Batman: Legacy of the Dark Knight","","loaded","https://www.loaded.com/es_es/lego-batman-legacy-of-the-dark-knight-pc-latam-steam","60062","84111","24049"
"MARVEL Tokon: Fighting Souls","","kinguin","https://www.kinguin.net/es/category/509287/marvel-tokon-fighting-souls-deluxe-edition-pre-order-pc-steam-cd-key","144316","159316","15000"
"Marvel vs. Capcom: Infinite","","eneba","https://www.eneba.com/latam/steam-marvel-vs-capcom-infinite-deluxe-edition-pc-steam-key-latam","11612","38612","27000"
"Marvel vs. Capcom: Infinite","","eneba","https://www.eneba.com/latam/steam-marvel-vs-capcom-infinite-steam-key-latam","7041","35000","27959"
"Marvel's Spider-Man 2","","driffle","https://driffle.com/es/marvels-spider-man-2-deluxe-edition-latam-pc-steam-digital-key-p9930164","52891","69211","16320"
"Marvel's Spider-Man 2","","driffle","https://driffle.com/es/marvels-spider-man-2-latam-pc-steam-digital-key-p9930167","47594","70091","22497"
"Marvel's Spider-Man 2","","driffle","https://driffle.com/es/marvels-spider-man-2-global-pc-steam-account-p9979525","70462","85462","15000"
"Marvel's Spider-Man Remastered","","eneba","https://www.eneba.com/latam/steam-marvels-spider-man-remastered-pc-steam-key-latam","31105","58105","27000"
"Marvel's Spider-Man: Miles Morales","","eneba","https://www.eneba.com/latam/steam-marvels-spider-man-miles-morales-pc-steam-key-latam","23789","50789","27000"
"Microsoft Flight Simulator 2024","","loaded","https://www.loaded.com/es_es/microsoft-flight-simulator-2024-aviator-edition-pc-steam","292299","309730","17431"
"Microsoft Flight Simulator 2024","","loaded","https://www.loaded.com/es_es/microsoft-flight-simulator-2024-pc-steam","103344","118344","15000"
"Microsoft Flight Simulator 2024","","driffle","https://driffle.com/es/microsoft-flight-simulator-2024-global-pc-steam-account-p9971540","54668","78896","24228"
"Microsoft Flight Simulator 2024","","loaded","https://www.loaded.com/es_es/microsoft-flight-simulator-2024-premium-deluxe-edition-pc-steam","190554","205554","15000"
"Monster Hunter Wilds","","kinguin","https://www.kinguin.net/es/category/320759/monster-hunter-wilds-deluxe-edition-latam-pc-steam-cd-key","16344","36934","20590"
"Monster Hunter Wilds","","eneba","https://www.eneba.com/latam/steam-monster-hunter-wilds-pc-steam-key-latam","32865","62297","29432"
"Monster Hunter Wilds","","kinguin","https://www.kinguin.net/es/category/330068/monster-hunter-wilds-premium-deluxe-edition-latam-pc-steam-cd-key","16344","36934","20590"
"Mortal Kombat 1","","eneba","https://www.eneba.com/latam/steam-mortal-kombat-1-definitive-edition-steam-key-pc-latam","21738","56738","35000"
"Mortal Kombat 1","","kinguin","https://www.kinguin.net/es/category/405683/mortal-kombat-1-definitive-edition-pc-steam-account","31702","58702","27000"
"Mortal Kombat 1","","kinguin","https://www.kinguin.net/es/category/275778/mortal-kombat-1-latam-pc-steam-cd-key","15262","50262","35000"
"Mortal Kombat 1","","kinguin","https://www.kinguin.net/es/category/185707/mortal-kombat-1-steam-account","33350","48496","15146"
"NBA 2K26","","eneba","https://www.eneba.com/latam/steam-nba-2k26-steam-key-pc-global","18702","47080","28378"
"NBA 2K26","","kinguin","https://www.kinguin.net/es/category/371701/nba-2k26-standard-edition-pc-steam-account","12080","39080","27000"
"NBA 2K26","","eneba","https://www.eneba.com/latam/steam-nba-2k26-slam-edition-steam-key-pc-global","32720","67720","35000"
"NBA 2K26","","kinguin","https://www.kinguin.net/es/category/426616/nba-2k26-slam-edition-pc-steam-account","38179","65179","27000"
"NBA 2K26","","driffle","https://driffle.com/es/nba-2k26-superstar-edition-global-pc-steam-digital-key-p9949949","36870","71870","35000"
"NBA 2K26","","kinguin","https://www.kinguin.net/es/category/371704/nba-2k26-superstar-edition-pc-steam-account","36499","63499","27000"
"NieR: Automata","","eneba","https://www.eneba.com/latam/steam-nier-automata-game-of-the-yorha-edition-steam-key-pc-latam","15149","42919","27770"
"NieR: Automata","","driffle","https://driffle.com/es/nier-automata-game-of-the-yorha-edition-global-pc-steam-account-p9979549","9464","33109","23645"
"Path of Exile 2","","kinguin","https://www.kinguin.net/es/category/293164/path-of-exile-2-early-access-supporter-pack-pc-steam-account","22174","37174","15000"
"Path of Exile 2","","kinguin","https://www.kinguin.net/es/category/293317/path-of-exile-2-king-of-the-faridun-supporter-pack-pc-steam-account","89633","114754","25121"
"Path of Exile 2","","kinguin","https://www.kinguin.net/es/category/293181/path-of-exile-2-lord-of-ogham-supporter-pack-pc-steam-account","41473","66327","24854"
"Persona 3 Reload","","driffle","https://driffle.com/es/persona-3-reload-deluxe-edition-pc-steam-digital-code-p9889103","46625","71784","25159"
"Persona 3 Reload","","kinguin","https://www.kinguin.net/es/category/212863/persona-3-reload-deluxe-edition-steam-account","27277","54277","27000"
"Persona 3 Reload","","driffle","https://driffle.com/es/persona-3-reload-pc-steam-digital-code-p9889101","27213","57969","30756"
"Persona 3 Reload","","kinguin","https://www.kinguin.net/es/category/212612/persona-3-reload-steam-account","22949","49949","27000"
"Persona 3 Reload","","kinguin","https://www.kinguin.net/es/category/212869/persona-3-reload-premium-edition-steam-account","32558","59558","27000"
"PRAGMATA","","kinguin","https://www.kinguin.net/es/category/475524/pragmata-deluxe-edition-latam-pc-steam-cd-key","69703","104703","35000"
"PRAGMATA","","eneba","https://www.eneba.com/latam/steam-pragmata-steam-key-pc-latam","55556","70748","15192"
"Ready Or Not","","kinguin","https://www.kinguin.net/es/category/476489/ready-or-not-deluxe-edition-latam-pc-steam-cd-key","27907","50804","22897"
"Ready Or Not","","driffle","https://driffle.com/es/ready-or-not-latam-pc-steam-digital-code-p9895584","16828","42451","25623"
"Ready Or Not","","driffle","https://driffle.com/es/ready-or-not-global-pc-steam-account-p9943438","10998","34451","23453"
"Red Dead Redemption 2","","kinguin","https://www.kinguin.net/es/category/133287/red-dead-redemption-2-steam-account","15601","42601","27000"
"Red Dead Redemption 2","","kinguin","https://www.kinguin.net/es/category/156115/red-dead-redemption-2-ultimate-edition-steam-account","20414","47414","27000"
"RESIDENT EVIL 2","","eneba","https://www.eneba.com/latam/steam-resident-evil-2-biohazard-re-2-deluxe-edition-steam-key-latam","11628","38628","27000"
"RESIDENT EVIL 2","","eneba","https://www.eneba.com/latam/steam-resident-evil-2-biohazard-re-2-steam-key-latam","9512","40661","31149"
"RESIDENT EVIL 2","","kinguin","https://www.kinguin.net/es/category/199156/resident-evil-2-steam-account","14810","33067","18257"
"Resident Evil 3","","eneba","https://www.eneba.com/latam/steam-resident-evil-3-steam-key-latam","9028","40661","31633"
"Resident Evil 3","","kinguin","https://www.kinguin.net/es/category/165389/resident-evil-3-steam-account","15649","33403","17754"
"Resident Evil 4 (2023)","","eneba","https://www.eneba.com/latam/steam-resident-evil-4-pc-steam-key-latam","12016","39866","27850"
"Resident Evil 4 (2023)","","kinguin","https://www.kinguin.net/es/category/151130/resident-evil-4-2023-pc-steam-account","11806","31866","20060"
"Resident Evil 4 (2023)","","eneba","https://www.eneba.com/latam/steam-resident-evil-4-gold-edition-pc-steam-key-latam","15989","50989","35000"
"Resident Evil 7 Gold Edition & Village Gold Edition","","eneba","https://www.eneba.com/latam/steam-resident-evil-7-gold-edition-village-gold-edition-pc-steam-key-latam","28731","54682","25951"
"Resident Evil 7: Biohazard","","eneba","https://www.eneba.com/latam/steam-resident-evil-7-biohazard-gold-edition-steam-key-latam","12129","39129","27000"
"Resident Evil Requiem","","eneba","https://www.eneba.com/latam/steam-resident-evil-requiem-deluxe-edition-steam-key-pc-latam","64648","84111","19463"
"Resident Evil Requiem","","eneba","https://www.eneba.com/latam/steam-resident-evil-requiem-steam-key-pc-latam","56283","74311","18028"
"Resident Evil Village","","eneba","https://www.eneba.com/latam/steam-resident-evil-village-resident-evil-8-steam-key-latam","11854","40661","28807"
"Resident Evil Village","","eneba","https://www.eneba.com/latam/steam-resident-evil-village-resident-evil-8-gold-edition-pc-steam-key-latam","18153","53153","35000"
"Resident Evil: Raccoon City Edition (Resident Evil 2, Resident Evil 3, RESIDENT EVIL RESISTANCE)","","driffle","https://driffle.com/es/resident-evil-raccoon-city-edition-global-pc-steam-digital-key-p9960425","12985","35591","22606"
"SILENT HILL 2","","kinguin","https://www.kinguin.net/es/category/278941/silent-hill-2-latam-pc-steam-cd-key","33172","51989","18817"
"SILENT HILL f","","kinguin","https://www.kinguin.net/es/category/347325/silent-hill-f-deluxe-edition-pc-steam-account","29619","44816","15197"
"SILENT HILL f","","eneba","https://www.eneba.com/latam/steam-silent-hill-f-steam-key-pc-latam","44332","60965","16633"
"SILENT HILL f","","driffle","https://driffle.com/es/silent-hill-f-global-pc-steam-account-p9964460","20123","38101","17978"
"SILENT HILL: Townfall","","loaded","https://www.loaded.com/es_es/silent-hill-townfall-deluxe-edition-pc-steam","70882","85882","15000"
"Split Fiction","","eneba","https://www.eneba.com/latam/steam-split-fiction-steam-key-pc-global","69590","86905","17315"
"Split Fiction","","driffle","https://driffle.com/es/split-fiction-global-pc-steam-account-p9945656","28973","54036","25063"
"STAR WARS Jedi: Survivor","","kinguin","https://www.kinguin.net/es/category/160069/star-wars-jedi-survivor-deluxe-edition-steam-account","29942","56942","27000"
"STAR WARS Jedi: Survivor","","driffle","https://driffle.com/es/star-wars-jedi-survivor-global-pc-steam-account-p9971599","10384","37384","27000"
"Stellar Blade","","eneba","https://www.eneba.com/latam/steam-stellar-blade-complete-edition-steam-key-pc-latam","67572","98132","30560"
"Stellar Blade","","kinguin","https://www.kinguin.net/es/category/340981/stellar-blade-complete-edition-pc-steam-account","84028","99028","15000"
"Stellar Blade","","eneba","https://www.eneba.com/latam/steam-stellar-blade-steam-key-pc-latam","41812","76812","35000"
"Stellar Blade","","driffle","https://driffle.com/es/stellar-blade-global-pc-steam-account-p9979470","50033","69751","19718"
"Street Fighter 6","","kinguin","https://www.kinguin.net/es/category/353130/street-fighter-6-years-1-2-fighters-edition-latam-pc-steam-cd-key","43653","63094","19441"
"Street Fighter 6","","eneba","https://www.eneba.com/latam/steam-street-fighter-6-pc-steam-key-latam","23741","42049","18308"
"TEKKEN 8","","eneba","https://www.eneba.com/latam/steam-tekken-8-pc-steam-key-global","37565","72565","35000"
"The Elder Scrolls V: Skyrim Special Edition","","eneba","https://www.eneba.com/latam/steam-the-elder-scrolls-v-skyrim-special-edition-steam-key-latam","15682","33636","17954"
"The Last of Us Part 1","","kinguin","https://www.kinguin.net/es/category/160275/the-last-of-us-part-1-latam-steam-cd-key","35950","70947","34997"
"The Last of Us Part 1","","kinguin","https://www.kinguin.net/es/category/150724/the-last-of-us-part-1-steam-account","34222","61222","27000"
"The Last of Us Part 2 Remastered","","kinguin","https://www.kinguin.net/es/category/326607/the-last-of-us-part-2-remastered-latam-pc-steam-cd-key","38485","56069","17584"
"The Witcher 3: Wild Hunt","","kinguin","https://www.kinguin.net/es/category/150064/the-witcher-3-wild-hunt-steam-account","15116","37557","22441"
"UNCHARTED™: Legacy of Thieves Collection","","driffle","https://driffle.com/es/uncharted-legacy-of-thieves-collection-latam-pc-steam-digital-key-p9975841","19832","46832","27000"
"Until Dawn","","eneba","https://www.eneba.com/latam/steam-until-dawn-pc-steam-key-latam","43363","78363","35000"
"WWE 2K25","","kinguin","https://www.kinguin.net/es/category/319995/wwe-2k25-bloodline-edition-pc-steam-account","135983","155167","19184"
"WWE 2K25","","driffle","https://driffle.com/es/wwe-2k25-global-pc-steam-digital-key-p9930153","31864","66864","35000"
"WWE 2K25","","kinguin","https://www.kinguin.net/es/category/314612/wwe-2k25-pc-steam-account","49128","69389","20261"
"WWE 2K26","","kinguin","https://www.kinguin.net/es/category/476565/wwe-2k26-attitude-era-edition-pc-steam-cd-key","84901","119548","34647"
"WWE 2K26","","kinguin","https://www.kinguin.net/es/category/476568/wwe-2k26-attitude-era-edition-pc-steam-account","76955","103955","27000"
"WWE 2K26","","kinguin","https://www.kinguin.net/es/category/464749/wwe-2k26-pc-steam-account","42717","69717","27000"
"WWE 2K26","","kinguin","https://www.kinguin.net/es/category/476574/wwe-2k26-king-of-kings-edition-pc-steam-account","58738","85738","27000"